<?xml version="1.0" encoding="UTF-8" standalone="yes"?>
<addon id="plugin.video.ppopshistory"
	name="Let's Learn History"
	version="1.0.0"
	provider-name="alabamappop">
  <requires>
    <import addon="xbmc.python" version="2.1.0"/>
    <import addon="script.module.addon.common" version="2.0.0"/>
    <import addon="plugin.video.youtube" version="5.0.0"/>
  </requires>
  <extension point="xbmc.python.pluginsource" library="default.py">
    <provides>video</provides>
  </extension>
  <extension point="xbmc.addon.metadata">
    <summary lang="en">Let's Learn History Together.</summary>
    <description lang="en">Lots of videos and documentaries on history. Some may be kind of wild.</description>
    <platform>all</platform>
    <forum>n/a</forum>
    <website>n/a</website>
  </extension>
</addon>
